{
  "text": "Closing stock C3 journey is going to be debunked. First, open the Manage Partners module and search for the open one. Then search for the end term and then click search button. Then click update stock button and then click. Then click NNI SKV and then be in variance. Then click the last button and then click.",
  "language": "ta",
  "segments": [
    {
      "id": 0,
      "seek": 0,
      "start": 0.0,
      "end": 4.0,
      "text": " Closing stock C3 journey is going to be debunked.",
      "tokens": [
        50364,
        2033,
        6110,
        4127,
        383,
        18,
        4671,
        307,
        516,
        281,
        312,
        3001,
        3197,
        292,
        13,
        50564
      ],
      "temperature": 0.0,
      "avg_logprob": -0.8527988743137669,
      "compression_ratio": 1.6481481481481481,
      "no_speech_prob": 0.6108702421188354
    },
    {
      "id": 1,
      "seek": 0,
      "start": 4.0,
      "end": 10.0,
      "text": " First, open the Manage Partners module and search for the open one.",
      "tokens": [
        50564,
        2386,
        11,
        1269,
        264,
        2458,
        609,
        28058,
        10088,
        293,
        3164,
        337,
        264,
        1269,
        472,
        13,
        50864
      ],
      "temperature": 0.0,
      "avg_logprob": -0.8527988743137669,
      "compression_ratio": 1.6481481481481481,
      "no_speech_prob": 0.6108702421188354
    },
    {
      "id": 2,
      "seek": 0,
      "start": 10.0,
      "end": 16.0,
      "text": " Then search for the end term and then click search button.",
      "tokens": [
        50864,
        1396,
        3164,
        337,
        264,
        917,
        1433,
        293,
        550,
        2052,
        3164,
        2960,
        13,
        51164
      ],
      "temperature": 0.0,
      "avg_logprob": -0.8527988743137669,
      "compression_ratio": 1.6481481481481481,
      "no_speech_prob": 0.6108702421188354
    },
    {
      "id": 3,
      "seek": 0,
      "start": 16.0,
      "end": 20.0,
      "text": " Then click update stock button and then click.",
      "tokens": [
        51164,
        1396,
        2052,
        5623,
        4127,
        2960,
        293,
        550,
        2052,
        13,
        51364
      ],
      "temperature": 0.0,
      "avg_logprob": -0.8527988743137669,
      "compression_ratio": 1.6481481481481481,
      "no_speech_prob": 0.6108702421188354
    },
    {
      "id": 4,
      "seek": 0,
      "start": 20.0,
      "end": 24.0,
      "text": " Then click NNI SKV and then be in variance.",
      "tokens": [
        51364,
        1396,
        2052,
        426,
        42496,
        21483,
        53,
        293,
        550,
        312,
        294,
        21977,
        13,
        51564
      ],
      "temperature": 0.0,
      "avg_logprob": -0.8527988743137669,
      "compression_ratio": 1.6481481481481481,
      "no_speech_prob": 0.6108702421188354
    },
    {
      "id": 5,
      "seek": 2400,
      "start": 24.0,
      "end": 34.0,
      "text": " Then click the last button and then click.",
      "tokens": [
        50364,
        1396,
        2052,
        264,
        1036,
        2960,
        293,
        550,
        2052,
        13,
        50864
      ],
      "temperature": 0.0,
      "avg_logprob": -0.734418789545695,
      "compression_ratio": 1.0,
      "no_speech_prob": 0.2741200625896454
    }
  ],
  "audio_path": "output\\audio2_converted.wav",
  "model_used": "base",
  "confidence_score": -0.833068860185755
}