{
  "text": "We will see the new changes in the closing stock. First, we will do the closing stock wastage. Then we will scan the QR and do the closing stock. We will do it by ourselves. Now, we will do it in a time like 1x1. That is the changes. How will we get it? We will open the closing stock. The QR is starting now. First, we will update the wastage. We will do the FN week mode. We will update the wastage after FN week mode. So, there is a bonus inventory available. First, we will do the FN week.",
  "language": "ta",
  "segments": [
    {
      "id": 0,
      "seek": 0,
      "start": 0.0,
      "end": 3.36,
      "text": " We will see the new changes in the closing stock.",
      "tokens": [
        50364,
        492,
        486,
        536,
        264,
        777,
        2962,
        294,
        264,
        10377,
        4127,
        13,
        50532
      ],
      "temperature": 0.0,
      "avg_logprob": -0.8464469061957465,
      "compression_ratio": 1.8269230769230769,
      "no_speech_prob": 0.4026949107646942
    },
    {
      "id": 1,
      "seek": 0,
      "start": 3.36,
      "end": 6.96,
      "text": " First, we will do the closing stock wastage.",
      "tokens": [
        50532,
        2386,
        11,
        321,
        486,
        360,
        264,
        10377,
        4127,
        49075,
        609,
        13,
        50712
      ],
      "temperature": 0.0,
      "avg_logprob": -0.8464469061957465,
      "compression_ratio": 1.8269230769230769,
      "no_speech_prob": 0.4026949107646942
    },
    {
      "id": 2,
      "seek": 0,
      "start": 6.96,
      "end": 10.56,
      "text": " Then we will scan the QR and do the closing stock.",
      "tokens": [
        50712,
        1396,
        321,
        486,
        11049,
        264,
        32784,
        293,
        360,
        264,
        10377,
        4127,
        13,
        50892
      ],
      "temperature": 0.0,
      "avg_logprob": -0.8464469061957465,
      "compression_ratio": 1.8269230769230769,
      "no_speech_prob": 0.4026949107646942
    },
    {
      "id": 3,
      "seek": 0,
      "start": 10.56,
      "end": 11.96,
      "text": " We will do it by ourselves.",
      "tokens": [
        50892,
        492,
        486,
        360,
        309,
        538,
        4175,
        13,
        50962
      ],
      "temperature": 0.0,
      "avg_logprob": -0.8464469061957465,
      "compression_ratio": 1.8269230769230769,
      "no_speech_prob": 0.4026949107646942
    },
    {
      "id": 4,
      "seek": 0,
      "start": 11.96,
      "end": 15.56,
      "text": " Now, we will do it in a time like 1x1.",
      "tokens": [
        50962,
        823,
        11,
        321,
        486,
        360,
        309,
        294,
        257,
        565,
        411,
        502,
        87,
        16,
        13,
        51142
      ],
      "temperature": 0.0,
      "avg_logprob": -0.8464469061957465,
      "compression_ratio": 1.8269230769230769,
      "no_speech_prob": 0.4026949107646942
    },
    {
      "id": 5,
      "seek": 0,
      "start": 15.56,
      "end": 16.76,
      "text": " That is the changes.",
      "tokens": [
        51142,
        663,
        307,
        264,
        2962,
        13,
        51202
      ],
      "temperature": 0.0,
      "avg_logprob": -0.8464469061957465,
      "compression_ratio": 1.8269230769230769,
      "no_speech_prob": 0.4026949107646942
    },
    {
      "id": 6,
      "seek": 0,
      "start": 16.76,
      "end": 18.72,
      "text": " How will we get it?",
      "tokens": [
        51202,
        1012,
        486,
        321,
        483,
        309,
        30,
        51300
      ],
      "temperature": 0.0,
      "avg_logprob": -0.8464469061957465,
      "compression_ratio": 1.8269230769230769,
      "no_speech_prob": 0.4026949107646942
    },
    {
      "id": 7,
      "seek": 0,
      "start": 18.72,
      "end": 21.32,
      "text": " We will open the closing stock.",
      "tokens": [
        51300,
        492,
        486,
        1269,
        264,
        10377,
        4127,
        13,
        51430
      ],
      "temperature": 0.0,
      "avg_logprob": -0.8464469061957465,
      "compression_ratio": 1.8269230769230769,
      "no_speech_prob": 0.4026949107646942
    },
    {
      "id": 8,
      "seek": 3000,
      "start": 31.0,
      "end": 34.0,
      "text": " The QR is starting now.",
      "tokens": [
        50414,
        440,
        32784,
        307,
        2891,
        586,
        13,
        50564
      ],
      "temperature": 0.0,
      "avg_logprob": -0.5219250847311581,
      "compression_ratio": 1.656,
      "no_speech_prob": 0.029539713636040688
    },
    {
      "id": 9,
      "seek": 3000,
      "start": 34.0,
      "end": 37.0,
      "text": " First, we will update the wastage.",
      "tokens": [
        50564,
        2386,
        11,
        321,
        486,
        5623,
        264,
        49075,
        609,
        13,
        50714
      ],
      "temperature": 0.0,
      "avg_logprob": -0.5219250847311581,
      "compression_ratio": 1.656,
      "no_speech_prob": 0.029539713636040688
    },
    {
      "id": 10,
      "seek": 3000,
      "start": 37.0,
      "end": 39.0,
      "text": " We will do the FN week mode.",
      "tokens": [
        50714,
        492,
        486,
        360,
        264,
        479,
        45,
        1243,
        4391,
        13,
        50814
      ],
      "temperature": 0.0,
      "avg_logprob": -0.5219250847311581,
      "compression_ratio": 1.656,
      "no_speech_prob": 0.029539713636040688
    },
    {
      "id": 11,
      "seek": 3000,
      "start": 39.0,
      "end": 42.0,
      "text": " We will update the wastage after FN week mode.",
      "tokens": [
        50814,
        492,
        486,
        5623,
        264,
        49075,
        609,
        934,
        479,
        45,
        1243,
        4391,
        13,
        50964
      ],
      "temperature": 0.0,
      "avg_logprob": -0.5219250847311581,
      "compression_ratio": 1.656,
      "no_speech_prob": 0.029539713636040688
    },
    {
      "id": 12,
      "seek": 3000,
      "start": 44.0,
      "end": 47.0,
      "text": " So, there is a bonus inventory available.",
      "tokens": [
        51064,
        407,
        11,
        456,
        307,
        257,
        10882,
        14228,
        2435,
        13,
        51214
      ],
      "temperature": 0.0,
      "avg_logprob": -0.5219250847311581,
      "compression_ratio": 1.656,
      "no_speech_prob": 0.029539713636040688
    },
    {
      "id": 13,
      "seek": 3000,
      "start": 47.0,
      "end": 50.0,
      "text": " First, we will do the FN week.",
      "tokens": [
        51214,
        2386,
        11,
        321,
        486,
        360,
        264,
        479,
        45,
        1243,
        13,
        51364
      ],
      "temperature": 0.0,
      "avg_logprob": -0.5219250847311581,
      "compression_ratio": 1.656,
      "no_speech_prob": 0.029539713636040688
    }
  ],
  "audio_path": "output\\audio1_converted.wav",
  "model_used": "base",
  "confidence_score": -0.7073661255680658
}